"","yearly_id","season","full_name","position","lw","LWP4_Ranking","adp_averagePick","ecr","EndofSeason_Rankings","League_Winner","Games_Away","Season_Valid","LWS","PPR","games30","games25","games20","gamesT10","lws_lastyear","ppr_lastyear","lw_lastyear","gT10_lastyear","g20_lastyear","g25_lastyear","lw_ever","PA_SuccessRate","g30_lastyear","PA_Team_Drafted","sv_lastyear","PA_Season_Skipped","PA_HC_Change","PA_Team_Change","graph_col_lw"
"1","2021_00-0031381",2021,"Davante Adams","WR",0.889422059059143,1,9.42,10.99,2,1,0,1,31,332.8,6,6,7,6,34,358.4,1,8,8,6,1,1,6,1,1,0,0,0,"#03C04A"
"2","2021_00-0032764",2021,"Derrick Henry","RB",0.827657520771027,2,5.21,3.25,9,1,0,0,18,193.3,3,4,4,4,29,333.1,1,8,7,6,1,1,4,1,1,0,0,0,"#03C04A"
"3","2021_00-0033893",2021,"Dalvin Cook","RB",0.750920474529266,3,2.84,2.37,23,1,0,1,13,197.1,1,1,5,5,27,337.8,1,9,8,6,1,1,2,0,1,0,0,0,"#03C04A"
"4","2021_00-0033040",2021,"Tyreek Hill","WR",0.719578087329865,4,10.74,10.71,6,1,0,1,23,295.3,3,5,7,5,21,328.9,1,5,7,5,1,1,2,0,1,0,0,0,"#03C04A"
"5","2021_00-0033906",2021,"Alvin Kamara","RB",0.670244336128235,5,4.15,4.76,12,1,0,1,17,216.5,1,2,6,7,34,377.8,1,12,9,5,1,1,4,0,1,0,0,0,"#03C04A"
"6","2021_00-0031588",2021,"Stefon Diggs","WR",0.650203704833984,6,15.16,14.46,35,0,1,1,10,262.4,1,1,4,3,19,328.6,1,5,7,5,1,1,1,0,1,0,0,0,"#FC6A03"
"7","2021_00-0033280",2021,"Christian McCaffrey","RB",0.617901802062988,7,1.32,1.17,36,0,1,0,10,127.5,0,2,4,4,10,90.4,0,3,3,2,1,1,1,0,0,0,0,0,"#FC6A03"
"8","2021_00-0033293",2021,"Aaron Jones","RB",0.611360907554626,8,11.24,7.56,32,0,1,1,11,229,1,1,4,4,12,258.9,1,5,4,1,1,1,1,1,1,0,0,0,"#FC6A03"
"9","2021_00-0033288",2021,"George Kittle","TE",0.597370505332947,9,29.41,27.5,27,0,1,1,12,192,2,2,3,3,7,125.1,0,2,2,1,1,0,1,0,0,0,0,0,"#FC6A03"
"10","2021_00-0034791",2021,"Nick Chubb","RB",0.597210705280304,10,12.03,6.69,15,1,0,1,15,208.3,1,2,5,6,10,207.7,0,4,4,2,1,1,0,0,1,0,0,0,"#03C04A"
"11","2021_00-0033045",2021,"Ezekiel Elliott","RB",0.589410841464996,11,8.91,6.44,24,1,0,1,11,242.06,0,2,4,5,9,223.7,0,4,4,1,1,1,0,0,1,0,0,0,"#03C04A"
"12","2021_00-0033897",2021,"Joe Mixon","RB",0.582814514636993,12,23.14,18.84,5,1,0,1,24,287.9,2,6,7,7,5,99.6,0,1,1,1,1,0,1,0,0,0,0,0,"#03C04A"
"13","2021_00-0036360",2021,"Clyde Edwards-Helaire","RB",0.562935173511505,13,26.22,26.76,142,0,3,1,1,117.6,0,0,0,1,4,176,0,2,2,0,0,0,0,0,0,0,0,0,"#900D09"
"14","2021_00-0036223",2021,"Jonathan Taylor","RB",0.548397183418274,14,12.9,8.71,3,1,0,1,30,360.6,3,4,9,11,14,252.8,1,5,3,2,1,1,2,0,1,0,0,0,"#03C04A"
"15","2021_00-0036893",2021,"Najee Harris","RB",0.548009276390076,15,20.01,16.74,10,1,0,1,18,291.2,0,3,7,8,NA,NA,0,NA,NA,NA,0,0,NA,0,0,0,0,0,"#03C04A"
"16","2021_00-0036328",2021,"Antonio Gibson","RB",0.514539897441864,16,22.69,15.11,47,0,1,1,8,207,0,0,4,4,11,202.2,0,5,3,1,0,1,1,0,0,0,0,0,"#FC6A03"
"17","2021_00-0035640",2021,"DK Metcalf","WR",0.48175647854805,17,19.86,18.88,30,0,1,1,11,233.5,1,2,4,3,12,271.3,1,3,4,3,1,1,1,1,1,0,0,0,"#FC6A03"
"18","2021_00-0033699",2021,"Austin Ekeler","RB",0.480475604534149,18,14.6,26.33,7,1,0,1,23,314.9,2,3,8,8,9,165.3,0,3,3,1,1,1,1,0,1,0,1,0,"#03C04A"
"19","2021_00-0034844",2021,"Saquon Barkley","RB",0.472423732280731,19,11.53,10.63,68,0,3,1,5,140.7,0,1,2,2,0,15.4,0,0,0,0,1,0,0,0,0,0,0,0,"#900D09"
"20","2021_00-0030506",2021,"Travis Kelce","TE",0.46619901061058,20,10.51,16.65,33,0,1,1,10,249.4,1,2,3,3,23,312.76,1,9,10,4,1,1,0,0,1,0,0,0,"#FC6A03"
"21","2021_00-0035659",2021,"Terry McLaurin","WR",0.445272117853165,22,36.68,29.83,21,1,0,1,13,200.2,1,3,4,4,6,223.8,0,1,4,1,0,1,0,1,0,0,0,0,"#03C04A"
"22","2021_00-0030279",2021,"Keenan Allen","WR",0.440283924341202,23,28.74,34.12,66,0,2,1,5,246.6,0,0,3,2,18,245.1,1,5,6,3,1,1,2,1,1,0,1,0,"#900D09"
"23","2021_00-0036358",2021,"CeeDee Lamb","WR",0.411705255508423,24,37.86,31.56,37,0,1,1,9,226.3,1,2,3,2,6,217.7,0,2,3,1,0,0,0,0,0,0,0,0,"#FC6A03"
"24","2021_00-0036322",2021,"Justin Jefferson","WR",0.405578404664993,25,26.31,21.8,11,1,0,1,17,308.3,2,3,6,4,18,274.2,1,4,6,4,1,1,2,0,1,0,0,0,"#03C04A"
"25","2021_00-0035676",2021,"A.J. Brown","WR",0.384174823760986,26,28.5,21.15,19,1,0,1,13,164.1,2,3,3,3,17,247.5,1,5,7,3,1,1,1,0,1,0,0,0,"#03C04A"
"26","2021_00-0030564",2021,"DeAndre Hopkins","WR",0.380892753601074,28,19.84,20.47,65,0,2,1,5,147.2,0,1,3,1,21,287.8,1,7,8,4,1,1,1,1,1,0,0,0,"#900D09"
"27","2021_00-0035216",2021,"Diontae Johnson","WR",0.376997053623199,29,56.26,53.02,41,0,1,1,9,262.3,1,1,3,3,10,223.8,1,3,6,1,1,1,0,1,1,0,0,0,"#FC6A03"
"28","2021_00-0030035",2021,"Adam Thielen","WR",0.360462427139282,30,52.12,45.76,29,0,1,1,12,199.8,1,2,4,4,20,254,1,5,7,4,1,1,2,1,1,0,0,0,"#FC6A03"
"29","2021_00-0034753",2021,"Mark Andrews","TE",0.347794383764267,31,55.16,51.41,13,1,0,1,16,284.6,2,4,4,4,3,170.1,0,0,3,0,0,0,0,0,1,0,0,0,"#03C04A"
"30","2021_00-0036261",2021,"Brandon Aiyuk","WR",0.31739068031311,32,66.39,51.72,114,0,3,1,2,153.6,0,0,1,1,7,184.5,1,2,5,0,1,1,0,0,1,0,0,0,"#900D09"
"31","2021_00-0034827",2021,"DJ Moore","WR",0.298252612352371,33,53.02,40.34,48,0,1,1,7,220.5,1,1,3,1,6,211.5,0,2,3,1,0,0,0,1,0,0,0,0,"#FC6A03"
"32","2021_00-0031408",2021,"Mike Evans","WR",0.289689540863037,34,37.65,30.5,22,1,0,1,13,235.6,1,2,5,4,10,248.6,0,2,4,2,1,1,1,0,1,0,0,0,"#03C04A"
"33","2021_00-0033908",2021,"Cooper Kupp","WR",0.289251804351807,35,54.73,47.47,1,1,0,1,43,412.9,6,7,13,11,8,210.7,0,3,3,2,1,1,0,1,1,0,0,0,"#03C04A"
"34","2021_00-0032211",2021,"Tyler Lockett","WR",0.273132592439651,37,56.78,47.31,18,1,0,1,14,214.4,1,4,4,4,16,265.4,1,3,4,3,1,1,3,1,1,0,0,0,"#03C04A"
"35","2021_00-0031544",2021,"Amari Cooper","WR",0.268307507038116,38,48,36.76,38,0,1,1,9,189.6,1,2,3,2,8,236.8,0,2,3,1,1,1,1,1,1,0,0,0,"#FC6A03"
"36","2021_00-0031428",2021,"Allen Robinson","WR",0.265505790710449,39,37.35,32.71,184,0,3,1,0,80.8,0,0,0,0,13,262.9,1,4,6,3,1,1,0,0,1,0,0,0,"#900D09"
"37","2021_00-0033921",2021,"Chris Godwin","WR",0.260706275701523,40,42.16,36.44,20,1,0,1,13,242.4,1,3,5,3,7,191,0,2,2,1,1,0,1,0,1,0,0,0,"#03C04A"
"38","2021_00-0035685",2021,"David Montgomery","RB",0.232753098011017,42,36.19,30.91,43,0,1,1,9,185.1,0,1,4,4,18,264.8,1,7,7,4,1,1,0,0,1,0,0,0,"#FC6A03"
"39","2021_00-0036410",2021,"Tee Higgins","WR",0.207566395401955,44,69.43,52.99,34,0,1,1,10,219.1,1,2,3,3,4,194.6,0,1,3,0,0,0,0,0,0,0,0,0,"#FC6A03"
"40","2021_00-0035657",2021,"Damien Harris","RB",0.176665812730789,47,76.38,54.03,56,0,2,1,6,192.8,0,2,2,2,0,91.3,0,0,0,0,0,0,0,0,0,0,0,0,"#900D09"
"41","2021_00-0036326",2021,"Chase Claypool","WR",0.175420895218849,48,77.15,58.15,132,0,3,1,1,148.6,0,0,1,0,7,214.9,0,1,3,1,0,1,1,0,0,0,0,0,"#900D09"
"42","2021_00-0035243",2021,"Miles Sanders","RB",0.166714668273926,51,39.31,42.93,143,0,3,1,1,117.2,0,0,0,1,7,170.4,0,3,3,1,1,0,0,0,0,0,1,0,"#900D09"
"43","2021_00-0035662",2021,"Marquise Brown","WR",0.154109612107277,53,128.3,119.34,42,0,1,1,9,220.6,1,1,3,3,1,183,0,0,1,0,0,0,0,1,0,0,0,0,"#FC6A03"
"44","2021_00-0031236",2021,"Brandin Cooks","WR",0.147786095738411,54,86.14,81.1,50,0,1,0,7,226.2,0,1,4,2,15,232,1,4,4,3,1,1,2,1,0,0,1,0,"#FC6A03"
"45","2021_00-0036275",2021,"D'Andre Swift","RB",0.142254799604416,55,40.36,42.42,25,1,0,0,11,194.3,0,1,5,5,8,189.8,0,3,3,2,0,1,0,0,0,0,1,0,"#03C04A"
"46","2021_00-0032688",2021,"Robby Anderson","WR",0.141450583934784,56,86.47,77.44,116,0,3,1,2,120.5,0,0,1,1,3,224.1,0,1,1,1,0,0,0,1,0,0,0,0,"#900D09"
"47","2021_00-0035311",2021,"Myles Gaskin","RB",0.13864454627037,57,49.46,61.34,51,0,2,1,7,169.6,1,1,1,3,8,164.2,0,3,2,1,0,0,1,0,0,0,0,0,"#900D09"
"48","2021_00-0036997",2021,"Javonte Williams","RB",0.120482794940472,60,68,66.93,46,0,1,1,8,196.5,0,1,3,4,NA,NA,0,NA,NA,NA,0,0,NA,0,0,0,0,0,"#FC6A03"
"49","2021_00-0036924",2021,"Michael Carter","RB",0.120281904935837,61,102.31,106.26,63,0,2,1,5,152.5,1,1,1,1,NA,NA,0,NA,NA,NA,0,0,NA,0,0,0,1,0,"#900D09"
"50","2021_00-0036900",2021,"Ja'Marr Chase","WR",0.111517257988453,65,66.24,71.56,8,1,0,1,19,300,2,4,6,5,NA,NA,0,NA,NA,NA,0,0,NA,0,0,0,0,0,"#03C04A"
"51","2021_00-0036265",2021,"AJ Dillon","RB",0.104173801839352,66,114.66,99.88,53,0,2,1,7,177.9,0,1,3,3,3,40.3,0,1,1,1,0,0,0,0,0,0,0,0,"#900D09"
"52","2021_00-0035664",2021,"Darrell Henderson","RB",0.102844186127186,67,75.35,56.03,82,0,3,1,4,163.4,0,0,2,2,4,129.9,0,2,2,0,0,0,0,1,0,0,0,0,"#900D09"
"53","2021_00-0033009",2021,"Tyler Boyd","WR",0.101711109280586,68,84.85,88.4,103,0,3,1,3,183.84,0,0,2,1,5,192.64,0,1,3,1,1,0,0,1,1,0,0,0,"#900D09"
"54","2021_00-0036613",2021,"Jaylen Waddle","WR",0.0996151715517044,70,114.74,117.69,26,1,0,1,10,234.1,0,3,4,3,NA,NA,0,NA,NA,NA,0,0,NA,0,0,0,0,0,"#03C04A"
"55","2021_00-0036912",2021,"DeVonta Smith","WR",0.0941351652145386,71,95.39,90.41,81,0,3,1,4,178.5,0,0,2,2,NA,NA,0,NA,NA,NA,0,0,NA,0,0,0,1,0,"#900D09"
"56","2021_00-0036252",2021,"Michael Pittman","WR",0.0911204367876053,74,118.21,109.82,44,0,1,1,8,218.2,1,1,4,1,0,98.9,0,0,0,0,0,0,0,0,0,0,0,0,"#FC6A03"
"57","2021_00-0032144",2021,"Melvin Gordon","RB",0.0859943851828575,77,81.42,84.44,61,0,2,1,6,178.5,0,0,2,4,8,198.4,0,4,3,1,1,1,0,1,1,0,0,0,"#900D09"
"58","2021_00-0031382",2021,"Jarvis Landry","WR",0.0854286849498749,78,98.2,106.5,161,0,3,1,0,113.5,0,0,0,0,4,187.96,0,1,2,1,1,0,0,1,1,0,0,0,"#900D09"
"59","2021_00-0034367",2021,"Nyheim Hines","RB",0.0813669562339783,80,132.16,132.12,118,0,3,1,2,112.7,0,0,1,1,9,193.2,0,4,3,2,0,1,0,1,1,0,0,0,"#900D09"
"60","2021_00-0034348",2021,"Courtland Sutton","WR",0.077529288828373,81,80.39,66.99,59,0,2,1,6,147.3,0,1,3,2,0,9.6,0,0,0,0,0,0,0,1,0,0,0,0,"#900D09"
"61","2021_00-0035719",2021,"Deebo Samuel","WR",0.0743786543607712,82,92.36,81.6,4,1,0,1,24,310,3,4,7,7,2,80.7,0,1,1,0,0,0,0,1,0,0,0,0,"#03C04A"
"62","2021_00-0036875",2021,"Rhamondre Stevenson","RB",0.072870559990406,83,166.55,168.61,70,0,3,1,5,110.3,0,1,2,2,NA,NA,0,NA,NA,NA,0,0,NA,0,0,0,0,0,"#900D09"
"63","2021_00-0035261",2021,"Tony Pollard","RB",0.0700066164135933,86,131.85,122.37,111,0,3,1,2,162.6,0,0,1,1,5,120.8,0,1,1,1,0,0,1,0,0,0,0,0,"#900D09"
"64","2021_00-0034829",2021,"Mike Gesicki","TE",0.068811759352684,88,107.03,107.74,112,0,3,1,2,160.8,0,0,1,1,7,159.3,0,3,3,1,0,0,0,1,1,0,0,0,"#900D09"
"65","2021_00-0035250",2021,"Devin Singletary","RB",0.0677851662039757,89,116.43,119.38,88,0,3,1,4,172.6,0,0,1,3,0,143.6,0,0,0,0,0,0,0,1,0,0,0,0,"#900D09"
"66","2021_00-0036309",2021,"Darnell Mooney","WR",0.0673549100756645,90,133.38,131.51,80,0,3,1,4,195.1,0,0,2,2,1,152.1,0,0,1,0,0,0,0,0,0,0,0,0,"#900D09"
"67","2021_00-0036251",2021,"Zack Moss","RB",0.066825769841671,91,114.21,102.11,166,0,3,1,0,101.8,0,0,0,0,2,101.6,0,1,1,0,0,0,0,0,0,0,0,0,"#900D09"
"68","2021_00-0027793",2021,"Antonio Brown","WR",0.0663045421242714,92,106.51,89.25,40,0,1,0,9,121.1,1,1,4,2,6,117.1,0,1,2,1,1,0,1,0,0,0,0,0,"#FC6A03"
"69","2021_00-0034845",2021,"Sony Michel","RB",0.0657133534550667,93,132.29,110.14,84,0,3,1,4,140.4,0,0,2,2,2,75.3,0,1,1,0,0,0,0,1,0,0,0,1,"#900D09"
"70","2021_00-0036219",2021,"Marquez Callaway","WR",0.0647526830434799,94,131.09,129.49,130,0,3,1,1,151.8,0,0,1,0,0,42.3,0,0,0,0,0,0,0,0,0,0,0,0,"#900D09"
"71","2021_00-0036936",2021,"Rondale Moore","WR",0.0610557161271572,95,157.47,173.91,119,0,3,1,2,111.1,0,0,1,1,NA,NA,0,NA,NA,NA,0,0,NA,0,0,0,0,0,"#900D09"
"72","2021_00-0029000",2021,"Cole Beasley","WR",0.0608866512775421,96,119.62,159.37,73,0,2,1,4,152.2,0,0,3,1,7,207.5,0,2,3,2,0,1,0,0,1,0,0,0,"#900D09"
"73","2021_00-0033932",2021,"Kenny Golladay","WR",0.0589376091957092,97,79.85,64.27,180,0,3,1,0,83.9,0,0,0,0,0,65.8,0,0,0,0,1,0,0,1,0,0,0,1,"#900D09"
"74","2021_00-0033856",2021,"Leonard Fournette","RB",0.0583966597914696,98,84.28,102.35,14,1,0,1,16,255.6,2,2,5,5,4,132,0,1,2,1,1,0,0,1,1,0,0,0,"#03C04A"
"75","2021_00-0034816",2021,"Ronald Jones","RB",0.0574262887239456,99,94.13,81.5,186,0,3,1,0,79.2,0,0,0,0,5,186.3,0,2,2,1,0,0,0,1,1,0,0,0,"#900D09"
"76","2021_00-0033536",2021,"Mike Williams","WR",0.0552056543529034,101,128.24,93.36,16,1,0,1,14,219.7,2,2,5,3,5,153.7,0,1,3,1,0,0,0,1,1,0,1,0,"#03C04A"
"77","2021_00-0034972",2021,"Alexander Mattison","RB",0.0534582883119583,103,149.61,146.85,55,0,2,1,7,122.8,0,1,3,3,3,86.9,0,1,1,1,0,0,0,0,0,0,0,0,"#900D09"
"78","2021_00-0034681",2021,"Chase Edmonds","RB",0.0513325817883015,104,60.99,76.76,90,0,3,1,3,143.3,0,1,1,1,4,168,0,2,2,0,0,0,0,0,1,0,0,0,"#900D09"
"79","2021_00-0033858",2021,"Jonnu Smith","TE",0.0503470003604889,105,126.8,115.5,210,0,3,1,0,66.9,0,0,0,0,3,140.2,0,1,2,0,0,0,0,1,1,0,0,1,"#900D09"
"80","2021_00-0033110",2021,"Tyler Higbee","TE",0.0487412661314011,106,111.11,96.83,155,0,3,1,0,123.5,0,0,0,0,3,128.2,0,1,1,1,0,0,0,0,1,0,0,0,"#900D09"
"81","2021_00-0031549",2021,"Nelson Agholor","WR",0.0427004508674145,109,157.7,157.52,169,0,3,1,0,100.1,0,0,0,0,6,185.6,0,1,4,1,0,1,0,0,1,0,0,1,"#900D09"
"82","2021_00-0036387",2021,"Jalen Reagor","WR",0.0422267466783524,110,158.98,169.29,200,0,3,1,0,73.2,0,0,0,0,0,87.2,0,0,0,0,0,0,0,0,0,0,1,0,"#900D09"
"83","2021_00-0034750",2021,"Rashaad Penny","RB",0.0421018898487091,111,177.31,170.9,39,0,1,0,9,96.7,1,2,2,3,0,3.4,0,0,0,0,0,0,0,0,0,0,0,0,"#FC6A03"
"84","2021_00-0032602",2021,"J.D. McKissic","RB",0.0403880439698696,112,134.45,157.43,86,0,3,1,4,127.9,0,0,2,2,7,191.4,0,4,2,1,0,0,0,1,0,0,0,0,"#900D09"
"85","2021_00-0036980",2021,"Elijah Moore","WR",0.0395701006054878,113,142.01,148.61,49,0,1,1,7,138.2,0,2,3,2,NA,NA,0,NA,NA,NA,0,0,NA,0,0,0,1,0,"#FC6A03"
"86","2021_00-0034351",2021,"Dallas Goedert","TE",0.0382094979286194,114,97.1,99.27,75,0,3,1,4,165,0,1,2,1,4,116.4,0,2,2,0,0,0,0,0,1,0,1,0,"#900D09"
"87","2021_00-0033455",2021,"Anthony Firkser","TE",0.0381025038659573,115,155.81,178.4,230,0,3,1,0,57.5,0,0,0,0,3,83.7,0,1,1,1,0,0,0,0,1,0,0,0,"#900D09"
"88","2021_00-0032058",2021,"Tevin Coleman","RB",0.0357622504234314,117,169.14,147.8,241,0,3,1,0,50.9,0,0,0,0,0,12.7,0,0,0,0,0,0,0,0,0,0,1,1,"#900D09"
"89","2021_00-0031941",2021,"Jamison Crowder","WR",0.0336863063275814,119,172.29,194.47,165,0,3,1,0,107.1,0,0,0,0,9,172.02,0,3,4,2,0,1,0,1,1,0,1,0,"#900D09"
"90","2021_00-0033553",2021,"James Conner","RB",0.0315911546349525,123,109.41,98.21,17,1,0,1,14,230.4,2,2,4,4,5,164.6,0,3,2,0,1,0,0,0,1,0,0,1,"#03C04A"
"91","2021_00-0034960",2021,"Jakobi Meyers","WR",0.0308188460767269,124,149.72,145.42,109,0,3,1,2,177.3,0,0,1,1,3,142.52,0,1,1,1,0,0,0,0,0,0,0,0,"#900D09"
"92","2021_00-0036919",2021,"Kenneth Gainwell","RB",0.0307546257972717,125,175.57,197.94,105,0,3,1,3,104.7,0,0,1,2,NA,NA,0,NA,NA,NA,0,0,NA,0,0,0,1,0,"#900D09"
"93","2021_00-0036196",2021,"Gabriel Davis","WR",0.0307422392070293,126,163.52,169.79,93,0,3,1,3,119,0,1,1,1,0,136.9,0,0,0,0,0,0,0,0,0,0,0,0,"#900D09"
"94","2021_00-0035140",2021,"Mecole Hardman","WR",0.0298900436609983,127,134.44,140.93,156,0,3,1,0,121.6,0,0,0,0,2,130.1,0,1,1,0,0,0,0,0,0,0,0,0,"#900D09"
"95","2021_00-0035644",2021,"Noah Fant","TE",0.0270120967179537,129,97.1,88.91,83,0,3,1,4,156.4,0,0,2,2,1,149.3,0,0,1,0,0,0,0,0,0,0,0,0,"#900D09"
"96","2021_00-0036290",2021,"Cole Kmet","TE",0.0267486926168203,130,165.12,159.02,162,0,3,1,0,112.4,0,0,0,0,0,62,0,0,0,0,0,0,0,0,0,0,0,0,"#900D09"
"97","2021_00-0036550",2021,"Rashod Bateman","WR",0.0266253482550383,132,160.51,190.89,170,0,3,1,0,99.3,0,0,0,0,NA,NA,0,NA,NA,NA,0,0,NA,0,0,0,0,0,"#900D09"
"98","2021_00-0036955",2021,"Terrace Marshall","WR",0.0266253482550383,133,161.3,182.33,289,0,3,1,0,32.8,0,0,0,0,NA,NA,0,NA,NA,NA,0,0,NA,0,0,0,0,0,"#900D09"
"99","2021_00-0036555",2021,"Chuba Hubbard","RB",0.0264258999377489,134,169.44,212.11,154,0,3,1,0,124,0,0,0,0,NA,NA,0,NA,NA,NA,0,0,NA,0,0,0,0,0,"#900D09"
"100","2021_00-0032392",2021,"Austin Hooper","TE",0.0242944527417421,135,164.99,159.45,174,0,3,1,0,92.5,0,0,0,0,0,113.5,0,0,0,0,0,0,0,0,1,0,0,0,"#900D09"
"101","2021_00-0034521",2021,"Allen Lazard","WR",0.0226916391402483,137,198.37,219.46,117,0,3,1,2,118,0,0,1,1,3,97.8,0,1,1,1,0,0,0,1,1,0,0,0,"#900D09"
"102","2021_00-0033895",2021,"Gerald Everett","TE",0.0221587233245373,139,168.69,143.2,160,0,3,1,0,114.8,0,0,0,0,0,92.9,0,0,0,0,0,0,0,0,1,0,0,1,"#900D09"
"103","2021_00-0034765",2021,"Tre'Quan Smith","WR",0.0207566693425179,140,172.83,189.39,205,0,3,1,0,69.1,0,0,0,0,1,103.1,0,0,1,0,0,0,0,0,1,0,0,0,"#900D09"
"104","2021_00-0027685",2021,"Emmanuel Sanders","WR",0.020473362877965,141,174.09,182.53,78,0,3,1,4,131.7,0,1,2,1,3,164.8,0,1,2,0,1,0,0,0,1,0,0,1,"#900D09"
"105","2021_00-0027656",2021,"Rob Gronkowski","TE",0.0199446361511946,142,139.2,127.88,67,0,3,1,5,150.5,0,1,2,2,0,149.3,0,0,0,0,1,0,0,0,1,0,0,0,"#900D09"
"106","2021_00-0036894",2021,"Pat Freiermuth","TE",0.0196318682283163,143,180.22,266.32,115,0,3,1,2,140.4,0,0,1,1,NA,NA,0,NA,NA,NA,0,0,NA,0,0,0,0,0,"#900D09"
"107","2021_00-0036422",2021,"Adam Trautman","TE",0.0188017562031746,144,158.78,182.89,235,0,3,1,0,54.5,0,0,0,0,0,38.1,0,0,0,0,0,0,0,0,0,0,0,0,"#900D09"
"108","2021_00-0036963",2021,"Amon-Ra St. Brown","WR",0.0183598715811968,145,181.27,208.57,28,0,1,0,12,201.2,1,2,4,4,NA,NA,0,NA,NA,NA,0,0,NA,0,0,0,1,0,"#FC6A03"
"109","2021_00-0030456",2021,"Giovani Bernard","RB",0.0172485560178757,148,169.99,180.93,138,0,3,1,1,59.1,0,0,1,0,8,158.1,0,4,4,0,0,1,0,1,1,0,0,1,"#900D09"
"110","2021_00-0034775",2021,"Christian Kirk","WR",0.0170631036162376,150,177.92,198.02,102,0,3,1,3,201.32,0,0,2,1,4,146.4,0,1,3,0,0,0,0,1,1,0,0,0,"#900D09"
"111","2021_00-0035535",2021,"Darius Slayton","WR",0.0163497030735016,151,194.8,211.05,229,0,3,1,0,57.7,0,0,0,0,4,141,0,1,2,1,0,0,0,1,0,0,0,0,"#900D09"
"112","2021_00-0027061",2021,"Jared Cook","TE",0.0147932516410947,154,134.75,153.2,157,0,3,1,0,120.4,0,0,0,0,0,127.4,0,0,0,0,0,0,0,1,1,0,1,1,"#900D09"
"113","2021_00-0027942",2021,"A.J. Green","WR",0.0146909700706601,156,174.33,204.73,150,0,3,1,0,150.5,0,0,0,0,0,111.3,0,0,0,0,1,0,0,1,1,0,0,1,"#900D09"
"114","2021_00-0034414",2021,"Boston Scott","RB",0.012532215565443,160,194.27,218.1,122,0,3,1,2,98.6,0,0,1,1,1,95.6,0,1,0,0,0,0,0,0,1,0,1,0,"#900D09"
"115","2021_00-0034301",2021,"Darrel Williams","RB",0.012455066666007,161,189.52,189.41,45,0,1,1,8,188.3,0,2,3,3,0,54.5,0,0,0,0,0,0,0,1,1,0,0,0,"#FC6A03"
"116","2021_00-0032972",2021,"Devontae Booker","RB",0.0112172272056341,164,200.46,230.83,133,0,3,1,1,139.5,0,0,1,0,2,85.7,0,1,1,0,0,0,0,0,1,0,0,1,"#900D09"
"117","2021_00-0036913",2021,"Kadarius Toney","WR",0.0106081273406744,165,196.48,263.88,99,0,3,1,3,82.36,0,1,1,1,NA,NA,0,NA,NA,NA,0,0,NA,0,0,0,0,0,"#900D09"
"118","2021_00-0033526",2021,"Samaje Perine","RB",0.0105543974786997,166,224.93,250.02,181,0,3,1,0,83.2,0,0,0,0,3,65.7,0,1,1,1,0,0,0,0,1,0,0,0,"#900D09"
"119","2021_00-0028002",2021,"Randall Cobb","WR",0.0105031812563539,167,185.02,217.55,106,0,3,1,3,95.6,0,0,1,2,0,100.1,0,0,0,0,1,0,0,1,0,0,0,1,"#900D09"
"120","2021_00-0034440",2021,"Justin Jackson","RB",0.0103174988180399,168,190.98,204.08,64,0,2,1,5,84.2,1,1,1,1,1,65.3,0,1,0,0,0,0,0,0,0,0,1,0,"#900D09"
"121","2021_00-0033881",2021,"Evan Engram","TE",0.00998647883534431,169,139.1,142.24,167,0,3,1,0,101.1,0,0,0,0,0,141,0,0,0,0,0,0,0,0,1,0,0,0,"#900D09"
"122","2021_00-0033090",2021,"Hunter Henry","TE",0.009772720746696,170,147.08,140.3,79,0,3,1,4,150.7,0,1,1,2,0,145.3,0,0,0,0,0,0,0,1,1,0,0,1,"#900D09"
"123","2021_00-0034272",2021,"Marquez Valdes-Scantling","WR",0.00943280942738056,171,189.71,203.09,104,0,3,1,3,87,0,0,2,1,3,137.3,0,1,2,0,0,0,0,1,1,0,0,0,"#900D09"
"124","2021_00-0030513",2021,"Latavius Murray","RB",0.00920140743255615,172,154,193.07,182,0,3,1,0,82.6,0,0,0,0,5,136.2,0,2,2,1,0,0,0,1,1,0,0,1,"#900D09"
"125","2021_00-0033466",2021,"Isaiah McKenzie","WR",0.00881991256028414,173,247.48,336.78,100,0,3,1,3,51.6,0,1,1,1,5,99.58,0,1,1,1,0,0,1,0,1,0,0,0,"#900D09"
"126","2021_00-0036255",2021,"Denzel Mims","WR",0.00877296179533005,174,200.99,251.41,324,0,3,1,0,21.3,0,0,0,0,0,60.7,0,0,0,0,0,0,0,0,0,0,1,0,"#900D09"
"127","2021_00-0030874",2021,"Damien Williams","RB",0.00813300907611847,175,201.27,197.3,251,0,3,1,0,48.4,0,0,0,0,NA,NA,0,NA,NA,NA,0,0,NA,0,0,1,0,0,"#900D09"
"128","2021_00-0033375",2021,"Tim Patrick","WR",0.00811138562858105,176,241.69,253.61,151,0,3,1,0,140.9,0,0,0,0,3,161.2,0,1,2,0,0,0,0,1,1,0,0,0,"#900D09"
"129","2021_00-0034418",2021,"Cedrick Wilson","WR",0.0076813530176878,180,247.48,357.2,158,0,3,1,0,118.92,0,0,0,0,3,51.62,0,1,1,1,0,0,0,1,1,0,0,0,"#900D09"
"130","2021_00-0031325",2021,"Sammy Watkins","WR",0.00727921305224299,181,197.28,222.71,204,0,3,1,0,70.4,0,0,0,0,1,87.4,0,0,1,0,1,0,0,1,1,0,0,1,"#900D09"
"131","2021_00-0036370",2021,"Joshua Kelley","RB",0.00607127463445067,183,231.81,227.93,341,0,3,1,0,17,0,0,0,0,0,81.2,0,0,0,0,0,0,0,0,0,0,1,0,"#900D09"
"132","2021_00-0036020",2021,"Salvon Ahmed","RB",0.00605133548378944,184,212.66,189.29,272,0,3,1,0,38.6,0,0,0,0,1,69,0,0,1,0,0,0,0,0,0,0,0,0,"#900D09"
"133","2021_00-0035217",2021,"Benny Snell","RB",0.00602536927908659,185,229.88,243.44,375,0,3,1,0,10.9,0,0,0,0,0,74.9,0,0,0,0,0,0,0,1,0,0,0,0,"#900D09"
"134","2021_00-0035537",2021,"Ty Johnson","RB",0.00597873469814658,187,207.2,201.91,144,0,3,1,1,117.1,0,0,0,1,1,63.3,0,1,0,0,0,0,0,0,0,0,1,0,"#900D09"
"135","2021_00-0036425",2021,"DeeJay Dallas","RB",0.00570576079189777,189,247.48,299.25,225,0,3,1,0,60,0,0,0,0,2,56.9,0,1,1,0,0,0,0,0,0,0,0,0,"#900D09"
"136","2021_00-0033681",2021,"Keelan Cole","WR",0.00556365307420492,190,247.48,285.26,218,0,3,1,0,64.5,0,0,0,0,3,155.4,0,1,2,0,0,0,0,1,1,0,1,1,"#900D09"
"137","2021_00-0031868",2021,"Damiere Byrd","WR",0.00504338461905718,193,247.48,334.33,232,0,3,1,0,57.2,0,0,0,0,3,114.9,0,1,1,1,0,0,0,0,1,0,0,1,"#900D09"
"138","2021_00-0036755",2021,"Jaret Patterson","RB",0.00472463201731443,197,236.5,271.46,126,0,3,1,2,50.4,0,0,1,1,NA,NA,0,NA,NA,NA,0,0,NA,0,0,0,0,0,"#900D09"
"139","2021_00-0031376",2021,"Jerick McKinnon","RB",0.00472434982657433,198,220.28,244.1,318,0,3,1,0,21.9,0,0,0,0,3,126.2,0,2,1,0,0,0,0,1,1,0,0,1,"#900D09"
"140","2021_00-0027696",2021,"Jimmy Graham","TE",0.00443322863429785,201,226.3,266.54,255,0,3,1,0,47.1,0,0,0,0,3,143.6,0,1,2,0,1,0,0,1,1,0,0,0,"#900D09"
"141","2021_00-0033251",2021,"Zach Pascal","WR",0.00430404860526323,202,246.48,267.26,135,0,3,1,1,92.8,0,0,1,0,2,136.9,0,1,1,0,0,0,0,1,1,0,0,0,"#900D09"
"142","2021_00-0032775",2021,"Demarcus Robinson","WR",0.0042924489825964,203,224.87,281.09,219,0,3,1,0,64.5,0,0,0,0,0,107.6,0,0,0,0,0,0,0,0,1,0,0,0,"#900D09"
"143","2021_00-0031285",2021,"Devonta Freeman","RB",0.00415390590205789,205,247.48,282.22,72,0,3,1,5,141.9,0,0,2,3,0,36,0,0,0,0,1,0,0,1,0,0,0,1,"#900D09"
"144","2021_00-0034676",2021,"James Washington","WR",0.00405831402167678,207,247.48,267.33,212,0,3,1,0,65.8,0,0,0,0,0,99.2,0,0,0,0,0,0,0,1,1,0,0,0,"#900D09"
"145","2021_00-0032977",2021,"Rashard Higgins","WR",0.00395064568147063,211,247.48,276.51,231,0,3,1,0,57.5,0,0,0,0,1,120.9,0,0,1,0,0,0,0,1,1,0,0,0,"#900D09"
"146","2021_00-0036415",2021,"Van Jefferson","WR",0.00381403369829059,215,225.78,247.33,110,0,3,1,2,163.1,0,0,1,1,0,46.9,0,0,0,0,0,0,0,0,0,0,0,0,"#900D09"
"147","2021_00-0036233",2021,"Donovan Peoples-Jones","WR",0.00381403369829059,216,230.12,269.39,97,0,3,1,3,102.9,0,1,1,1,0,58.4,0,0,0,0,0,0,0,0,0,0,0,0,"#900D09"
"148","2021_00-0036991",2021,"Amari Rodgers","WR",0.00379100907593966,217,206.98,283.09,399,0,3,1,0,8.1,0,0,0,0,NA,NA,0,NA,NA,NA,0,0,NA,0,0,0,0,0,"#900D09"
"149","2021_00-0035414",2021,"Jalen Guyton","WR",0.00370946363545954,218,247.48,307.32,177,0,3,1,0,86,0,0,0,0,0,97.1,0,0,0,0,0,0,0,1,0,0,1,0,"#900D09"
"150","2021_00-0036988",2021,"Joshua Palmer","WR",0.00365099287591875,221,215.01,260.88,188,0,3,1,0,78.4,0,0,0,0,NA,NA,0,NA,NA,NA,0,0,NA,0,0,0,1,0,"#900D09"
"151","2021_00-0036626",2021,"Dyami Brown","WR",0.00365099287591875,222,216.63,256.99,302,0,3,1,0,28.1,0,0,0,0,NA,NA,0,NA,NA,NA,0,0,NA,0,0,0,0,0,"#900D09"
"152","2021_00-0034104",2021,"Cam Sims","WR",0.00351248122751713,226,247.48,353.15,249,0,3,1,0,48.8,0,0,0,0,0,86.2,0,0,0,0,0,0,0,1,0,0,0,0,"#900D09"
"153","2021_00-0035329",2021,"Donald Parham","TE",0.00349094532430172,227,247.48,273.18,227,0,3,1,0,59,0,0,0,0,0,43.9,0,0,0,0,0,0,0,1,0,0,1,0,"#900D09"
"154","2021_00-0036567",2021,"Elijah Mitchell","RB",0.00340215326286852,230,219.7,313.72,62,0,3,1,6,156.5,0,1,2,3,NA,NA,0,NA,NA,NA,0,0,NA,0,0,0,0,0,"#900D09"
"155","2021_00-0036271",2021,"Quez Watkins","WR",0.0033814231865108,231,247.48,257.67,173,0,3,1,0,96.6,0,0,0,0,0,23.6,0,0,0,0,0,0,0,0,0,0,1,0,"#900D09"
"156","2021_00-0033955",2021,"Jeremy McNichols","RB",0.00334021844901145,232,247.48,340.88,199,0,3,1,0,73.6,0,0,0,0,0,43.9,0,0,0,0,0,0,0,1,1,0,0,0,"#900D09"
"157","2021_00-0036857",2021,"Chris Evans","RB",0.0032983454875648,237,237.51,298.04,286,0,3,1,0,33.9,0,0,0,0,NA,NA,0,NA,NA,NA,0,0,NA,0,0,0,0,0,"#900D09"
"158","2021_00-0036906",2021,"Khalil Herbert","RB",0.0032983454875648,241,247.48,337.85,146,0,3,1,1,77.8,0,0,0,1,NA,NA,0,NA,NA,NA,0,0,NA,0,0,0,0,0,"#900D09"
"159","2021_00-0036654",2021,"Demetric Felton","RB",0.0032983454875648,244,247.48,359.33,270,0,3,1,0,40.1,0,0,0,0,NA,NA,0,NA,NA,NA,0,0,NA,0,0,0,0,0,"#900D09"
"160","2021_00-0035806",2021,"JaMycal Hasty","RB",0.0032716216519475,250,247.48,339.66,256,0,3,1,0,47,0,0,0,0,0,31.1,0,0,0,0,0,0,0,0,0,0,0,0,"#900D09"
"161","2021_00-0033879",2021,"O.J. Howard","TE",0.00320023437961936,254,209.52,236.14,287,0,3,1,0,33.5,0,0,0,0,0,37.6,0,0,0,0,0,0,0,0,0,0,0,0,"#900D09"
"162","2021_00-0033217",2021,"Mo Alie-Cox","TE",0.00314641441218555,256,227.12,266.39,195,0,3,1,0,74.9,0,0,0,0,0,80.4,0,0,0,0,0,0,0,0,1,0,0,0,"#900D09"
"163","2021_00-0032426",2021,"Alex Collins","RB",0.00303109991364181,266,247.48,295.28,207,0,3,1,0,68.8,0,0,0,0,0,21.1,0,0,0,0,0,0,0,0,0,0,0,0,"#900D09"
"164","2021_00-0033733",2021,"Greg Ward","WR",0.00301979202777147,268,247.48,340.19,288,0,3,1,0,33.3,0,0,0,0,1,133.1,0,0,1,0,0,0,0,1,1,0,1,0,"#900D09"
"165","2021_00-0035594",2021,"Travis Homer","RB",0.00300940754823387,269,247.48,356.07,228,0,3,1,0,58.1,0,0,0,0,0,32.8,0,0,0,0,0,0,0,0,0,0,0,0,"#900D09"
"166","2021_00-0034297",2021,"Byron Pringle","WR",0.00297361146658659,270,244.28,280.54,94,0,3,1,3,118.2,0,1,1,1,0,41,0,0,0,0,0,0,0,0,1,0,0,0,"#900D09"
"167","2021_00-0035689",2021,"Dawson Knox","TE",0.00296540488488972,271,207.68,226.96,107,0,3,1,2,155.8,0,0,2,0,0,66.8,0,0,0,0,0,0,0,0,0,0,0,0,"#900D09"
"168","2021_00-0034419",2021,"Braxton Berrios","WR",0.0029649946372956,272,247.48,379.5,92,0,3,1,3,121.1,0,1,1,1,0,97.3,0,0,0,0,0,0,0,1,1,0,1,0,"#900D09"
"169","2021_00-0035624",2021,"N'Keal Harry","WR",0.00295430910773575,274,247.48,300.42,297,0,3,1,0,30.4,0,0,0,0,0,73.9,0,0,0,0,0,0,0,0,0,0,0,0,"#900D09"
"170","2021_00-0035628",2021,"D'Ernest Johnson","RB",0.00294901011511683,277,247.48,362.06,87,0,3,1,4,83.8,0,0,2,2,0,21,0,0,0,0,0,0,0,0,0,0,0,0,"#900D09"
"171","2021_00-0034383",2021,"Dalton Schultz","TE",0.00290123699232936,280,219.63,273.47,58,0,2,1,6,191.7,0,1,3,2,1,146.5,0,0,1,0,0,0,0,0,1,0,0,0,"#900D09"
"172","2021_00-0036040",2021,"Juwan Johnson","TE",0.00289310025982559,281,247.48,282.94,261,0,3,1,0,45.4,0,0,0,0,0,7.9,0,0,0,0,0,0,0,0,0,0,0,0,"#900D09"
"173","2021_00-0032813",2021,"Elijhaa Penny","RB",0.00279741990379989,284,247.48,371.75,280,0,3,1,0,35.9,0,0,0,0,0,5.5,0,0,0,0,0,0,0,0,1,0,0,0,"#900D09"
"174","2021_00-0033307",2021,"Kendrick Bourne","WR",0.00276510952971876,287,247.48,286.4,60,0,2,1,6,174.3,0,0,3,3,0,129.7,0,0,0,0,0,0,0,0,1,0,0,1,"#900D09"
"175","2021_00-0035631",2021,"Drew Sample","TE",0.00275567686185241,288,247.48,336.59,340,0,3,1,0,17.3,0,0,0,0,0,78.9,0,0,0,0,0,0,0,0,0,0,0,0,"#900D09"
"176","2021_00-0036232",2021,"Harrison Bryant","TE",0.00271512102335691,290,247.48,322.89,223,0,3,1,0,60.4,0,0,0,0,1,61.8,0,0,1,0,0,0,0,0,0,0,0,0,"#900D09"
"177","2021_00-0036331",2021,"Devin Duvernay","WR",0.0026619064155966,291,247.48,345.78,191,0,3,1,0,77,0,0,0,0,0,53.1,0,0,0,0,0,0,0,0,0,0,0,0,"#900D09"
"178","2021_00-0034270",2021,"Tyler Conklin","TE",0.0026110450271517,294,247.48,251.98,134,0,3,1,1,135.7,0,0,1,0,0,44.4,0,0,0,0,0,0,0,0,1,0,0,0,"#900D09"
"179","2021_00-0036247",2021,"Freddie Swain","WR",0.00254599004983902,296,247.48,353.94,137,0,3,1,1,77,0,0,1,0,0,40.9,0,0,0,0,0,0,0,0,0,0,0,0,"#900D09"
"180","2021_00-0035215",2021,"Deonte Harris","WR",0.00254519097507,297,247.48,317.33,164,0,3,1,0,108.8,0,0,0,0,0,49.7,0,0,0,0,0,0,0,0,0,0,0,0,"#900D09"
"181","2021_00-0034052",2021,"Brandon Zylstra","WR",0.00252547487616539,300,247.48,521.67,248,0,3,1,0,49,0,0,0,0,0,12.6,0,0,0,0,0,0,0,1,0,0,0,0,"#900D09"
"182","2021_00-0035510",2021,"Jeff Smith","WR",0.00250993249937892,303,247.48,628,338,0,3,1,0,18,0,0,0,0,0,33.7,0,0,0,0,0,0,0,1,0,0,1,0,"#900D09"
"183","2021_00-0033471",2021,"Isaiah Ford","WR",0.00250782025977969,304,247.48,646,271,0,3,1,0,40.1,0,0,0,0,0,55.6,0,0,0,0,0,0,0,1,1,0,0,0,"#900D09"
"184","2021_00-0033555",2021,"Mack Hollins","WR",0.00250782025977969,305,247.48,646,224,0,3,1,0,60.3,0,0,0,0,0,37.6,0,0,0,0,0,0,0,1,1,0,0,0,"#900D09"
"185","2021_00-0033839",2021,"Dede Westbrook","WR",0.00248051923699677,306,247.48,333.55,342,0,3,1,0,16.8,0,0,0,0,0,1.4,0,0,0,0,0,0,0,1,0,0,0,1,"#900D09"
"186","2021_00-0033460",2021,"John Ross","WR",0.00248051923699677,307,247.48,335.27,269,0,3,1,0,41,0,0,0,0,0,3.7,0,0,0,0,0,0,0,1,0,0,0,1,"#900D09"
"187","2021_00-0036630",2021,"Tylan Wallace","WR",0.00247018272057176,309,247.48,341.79,437,0,3,1,0,4.3,0,0,0,0,NA,NA,0,NA,NA,NA,0,0,NA,0,0,0,0,0,"#900D09"
"188","2021_00-0036999",2021,"Anthony Schwartz","WR",0.00247018272057176,313,247.48,381.71,295,0,3,1,0,30.8,0,0,0,0,NA,NA,0,NA,NA,NA,0,0,NA,0,0,0,0,0,"#900D09"
"189","2021_00-0036671",2021,"Dax Milne","WR",0.00247018272057176,319,247.48,565,352,0,3,1,0,15.4,0,0,0,0,NA,NA,0,NA,NA,NA,0,0,NA,0,0,0,0,0,"#900D09"
"190","2021_00-0035246",2021,"J.J. Arcega-Whiteside","WR",0.00245953467674553,323,247.48,330.2,420,0,3,1,0,5.6,0,0,0,0,0,14.5,0,0,0,0,0,0,0,1,0,0,1,0,"#900D09"
"191","2021_00-0035864",2021,"Kendall Hinton","WR",0.00243661343120039,327,247.48,543.5,273,0,3,1,0,38.54,0,0,0,0,0,-2.78,0,0,0,0,0,0,0,0,0,0,0,0,"#900D09"
"192","2021_00-0036427",2021,"Tyler Johnson","WR",0.00243434379808605,328,247.48,343.2,214,0,3,1,0,64.8,0,0,0,0,0,40.9,0,0,0,0,0,0,0,0,0,0,0,0,"#900D09"
"193","2021_00-0036254",2021,"Collin Johnson","WR",0.00240513449534774,329,247.48,353.71,321,0,3,1,0,21.5,0,0,0,0,0,59.2,0,0,0,0,0,0,0,0,0,0,0,1,"#900D09"
"194","2021_00-0032134",2021,"C.J. Uzomah","TE",0.00240332284010947,330,227.58,281.38,69,0,3,1,5,128.3,0,1,2,2,0,22.7,0,0,0,0,0,0,0,0,0,0,0,0,"#900D09"
"195","2021_00-0035021",2021,"Ashton Dulin","WR",0.00239639915525913,331,247.48,424.33,260,0,3,1,0,45.5,0,0,0,0,0,9.4,0,0,0,0,0,0,0,1,0,0,0,0,"#900D09"
"196","2021_00-0035022",2021,"Penny Hart","WR",0.00239639915525913,332,247.48,597,366,0,3,1,0,12.9,0,0,0,0,0,3.2,0,0,0,0,0,0,0,1,0,0,0,0,"#900D09"
"197","2021_00-0034365",2021,"Ian Thomas","TE",0.00239254464395344,335,247.48,317.53,277,0,3,1,0,36.8,0,0,0,0,0,40.5,0,0,0,0,0,0,0,1,0,0,0,0,"#900D09"
"198","2021_00-0033591",2021,"Noah Brown","WR",0.00237191887572408,337,247.48,499.67,285,0,3,1,0,34.4,0,0,0,0,0,29.8,0,0,0,0,0,0,0,1,1,0,0,0,"#900D09"
"199","2021_00-0034766",2021,"Chris Herndon","TE",0.00236799311824143,339,225.05,248.14,359,0,3,1,0,14,0,0,0,0,0,73.7,0,0,0,0,0,0,0,0,1,0,0,1,"#900D09"
"200","2021_00-0033481",2021,"Marcus Kemp","WR",0.00234101107344031,345,247.48,447.5,434,0,3,1,0,4.4,0,0,0,0,0,2.1,0,0,0,0,0,0,0,0,0,0,0,0,"#900D09"
"201","2021_00-0031787",2021,"Jake Kumerow","WR",0.00234101107344031,346,247.48,471.33,464,0,3,1,0,2.3,0,0,0,0,0,9.2,0,0,0,0,0,0,0,0,0,0,0,0,"#900D09"
"202","2021_00-0036133",2021,"James Proche","WR",0.00229909061454237,353,247.48,410.33,279,0,3,1,0,36.2,0,0,0,0,0,2.4,0,0,0,0,0,0,0,0,0,0,0,0,"#900D09"
"203","2021_00-0036182",2021,"Nick Westbrook-Ikhine","WR",0.00229909061454237,354,247.48,542,176,0,3,1,0,89.8,0,0,0,0,0,8.3,0,0,0,0,0,0,0,0,0,0,0,0,"#900D09"
"204","2021_00-0033114",2021,"Mike Thomas","WR",0.00228931987658143,359,247.48,469.6,380,0,3,1,0,10.2,0,0,0,0,0,30.3,0,0,0,0,0,0,0,1,1,0,0,0,"#900D09"
"205","2021_00-0032009",2021,"Adam Humphries","WR",0.00228282157331705,360,247.48,317.36,190,0,3,1,0,78,0,0,0,0,0,57.8,0,0,0,0,0,0,0,1,0,0,0,1,"#900D09"
"206","2021_00-0033720",2021,"Colin Thompson","TE",0.00224072323180735,366,247.48,523,505,0,3,1,0,0,0,0,0,0,0,7.7,0,0,0,0,0,0,0,1,0,0,0,0,"#900D09"
"207","2021_00-0034279",2021,"Equanimeous St. Brown","WR",0.00223933346569538,367,247.48,415.25,349,0,3,1,0,16,0,0,0,0,0,25.4,0,0,0,0,0,0,0,1,1,0,0,0,"#900D09"
"208","2021_00-0034407",2021,"Ray-Ray McCloud","WR",0.00223933346569538,368,247.48,477.5,222,0,3,1,0,60.5,0,0,0,0,0,34.2,0,0,0,0,0,0,0,1,1,0,0,0,"#900D09"
"209","2021_00-0032543",2021,"Alex Erickson","WR",0.00222518155351281,369,247.48,499,395,0,3,1,0,8.5,0,0,0,0,0,24.6,0,0,0,0,0,0,0,1,1,0,0,1,"#900D09"
"210","2021_00-0036876",2021,"Kylen Granson","TE",0.00222136522643268,370,247.48,337.79,320,0,3,1,0,21.6,0,0,0,0,NA,NA,0,NA,NA,NA,0,0,NA,0,0,0,0,0,"#900D09"
"211","2021_00-0036637",2021,"Noah Gray","TE",0.00222136522643268,372,247.48,351.58,343,0,3,1,0,16.6,0,0,0,0,NA,NA,0,NA,NA,NA,0,0,NA,0,0,0,0,0,"#900D09"
"212","2021_00-0037005",2021,"Tommy Tremble","TE",0.00222136522643268,374,247.48,363.9,245,0,3,1,0,50,0,0,0,0,NA,NA,0,NA,NA,NA,0,0,NA,0,0,0,0,0,"#900D09"
"213","2021_00-0037011",2021,"Tre' McKitty","TE",0.00222136522643268,376,247.48,369.4,378,0,3,1,0,10.5,0,0,0,0,NA,NA,0,NA,NA,NA,0,0,NA,0,0,0,1,0,"#900D09"
"214","2021_00-0036628",2021,"John Bates","TE",0.00222136522643268,379,247.48,445,247,0,3,1,0,49.4,0,0,0,0,NA,NA,0,NA,NA,NA,0,0,NA,0,0,0,0,0,"#900D09"
"215","2021_00-0036741",2021,"Jack Stoll","TE",0.00222136522643268,380,247.48,556,415,0,3,1,0,6.2,0,0,0,0,NA,NA,0,NA,NA,NA,0,0,NA,0,0,0,1,0,"#900D09"
"216","2021_00-0033896",2021,"Adam Shaheen","TE",0.00220192153938115,383,247.48,363.67,314,0,3,1,0,23,0,0,0,0,0,45,0,0,0,0,0,0,0,1,1,0,0,0,"#900D09"
"217","2021_00-0034487",2021,"Trent Sherfield","WR",0.00217659259214997,386,247.48,370.38,323,0,3,1,0,21.4,0,0,0,0,0,10,0,0,0,0,0,0,0,1,1,0,0,1,"#900D09"
"218","2021_00-0030578",2021,"Cordarrelle Patterson","RB",0.00208834884688258,397,247.48,313.01,31,0,1,0,11,232.4,1,2,3,4,0,69.4,0,0,0,0,0,0,0,0,1,0,1,1,"#FC6A03"
"219","2021_00-0036423",2021,"Albert Okwuegbunam","TE",0.00207180343568325,398,247.48,330.95,192,0,3,1,0,76,0,0,0,0,0,29.1,0,0,0,0,0,0,0,0,0,0,0,0,"#900D09"
"220","2021_00-0033885",2021,"David Njoku","TE",0.00201981817372143,405,247.48,319.76,96,0,3,1,3,104.5,0,1,1,1,0,52.3,0,0,0,0,0,0,0,0,1,0,0,0,"#900D09"
"221","2021_00-0036332",2021,"Josiah Deguara","TE",0.00201860093511641,406,247.48,434.33,258,0,3,1,0,45.9,0,0,0,0,0,2.2,0,0,0,0,0,0,0,0,0,0,0,0,"#900D09"
"222","2021_00-0036429",2021,"Charlie Woerner","TE",0.00201860093511641,407,247.48,482,381,0,3,1,0,10.2,0,0,0,0,0,6.6,0,0,0,0,0,0,0,0,0,0,0,0,"#900D09"
"223","2021_00-0036244",2021,"Colby Parkinson","TE",0.00201860093511641,408,247.48,482.33,426,0,3,1,0,4.9,0,0,0,0,0,3.6,0,0,0,0,0,0,0,0,0,0,0,0,"#900D09"
"224","2021_00-0032725",2021,"Stephen Anderson","TE",0.0020100197289139,409,247.48,462,274,0,3,1,0,38.5,0,0,0,0,0,18.6,0,0,0,0,0,0,0,1,1,0,1,0,"#900D09"
"225","2021_00-0030181",2021,"Jack Doyle","TE",0.00200005830265582,412,215.94,274.44,124,0,3,1,2,77.1,0,0,1,1,0,64.1,0,0,0,0,0,0,0,0,1,0,0,0,"#900D09"
"226","2021_00-0033611",2021,"Ricky Seals-Jones","TE",0.00199781893752515,413,247.48,439,206,0,3,1,0,69.1,0,0,0,0,0,0,0,0,0,0,0,0,0,0,0,0,0,1,"#900D09"
"227","2021_00-0033576",2021,"Eric Saubert","TE",0.00199781893752515,414,247.48,463.5,333,0,3,1,0,18.7,0,0,0,0,0,4.6,0,0,0,0,0,0,0,0,0,0,0,1,"#900D09"
"228","2021_00-0033528",2021,"Jeremy Sprinkle","TE",0.00199781893752515,415,247.48,473.5,439,0,3,1,0,4.1,0,0,0,0,0,1.6,0,0,0,0,0,0,0,0,0,0,0,1,"#900D09"
"229","2021_00-0034798",2021,"Durham Smythe","TE",0.00198377971537411,418,247.48,387,215,0,3,1,0,64.8,0,0,0,0,0,58.8,0,0,0,0,0,0,0,1,1,0,0,0,"#900D09"
"230","2021_00-0031763",2021,"DeAndre Carter","WR",0.00197157193906605,422,247.48,530.5,178,0,3,1,0,85.4,0,0,0,0,0,1.8,0,0,0,0,0,0,0,1,0,0,0,1,"#900D09"
"231","2021_00-0035726",2021,"Jakob Johnson","FB",0.00196869345381856,423,247.48,349.75,397,0,3,1,0,8.3,0,0,0,0,0,17.5,0,0,0,0,0,0,0,0,0,0,0,0,"#900D09"
"232","2021_00-0029239",2021,"Brandon Bolden","RB",0.00196736445650458,424,247.48,463,145,0,3,1,1,103.5,0,0,0,1,NA,NA,0,NA,NA,NA,0,0,NA,0,0,1,0,0,"#900D09"
"233","2021_00-0036250",2021,"Tyler Davis","TE",0.00196203216910362,426,247.48,646,406,0,3,1,0,7.5,0,0,0,0,0,0,0,0,0,0,0,0,0,0,0,0,0,1,"#900D09"
"234","2021_00-0033376",2021,"Patrick Ricard","FB",0.00193480611778796,428,247.48,344,325,0,3,1,0,20.7,0,0,0,0,0,17.4,0,0,0,0,0,0,0,0,1,0,0,0,"#900D09"
"235","2021_00-0035259",2021,"Trevon Wesco","TE",0.00193003669846803,431,247.48,458.5,411,0,3,1,0,6.5,0,0,0,0,0,1.5,0,0,0,0,0,0,0,0,0,0,1,0,"#900D09"
"236","2021_00-0032135",2021,"Jesse James","TE",0.00191697629634291,433,247.48,646,329,0,3,1,0,19.2,0,0,0,0,0,38.9,0,0,0,0,0,0,0,1,0,0,0,1,"#900D09"
"237","2021_00-0032200",2021,"Ty Montgomery","WR",0.00190968147944659,435,247.48,371.69,299,0,3,1,0,28.8,0,0,0,0,0,15.8,0,0,0,0,0,0,0,0,0,0,0,0,"#900D09"
"238","2021_00-0034073",2021,"Ross Dwelley","TE",0.00190687703434378,436,247.48,374.56,353,0,3,1,0,15.1,0,0,0,0,0,49.5,0,0,0,0,0,0,0,0,1,0,0,0,"#900D09"
"239","2021_00-0031319",2021,"Diontae Spencer","WR",0.0018852116772905,438,247.48,490.5,494,0,3,1,0,0.7,0,0,0,0,0,13.5,0,0,0,0,0,0,0,1,1,0,0,0,"#900D09"
"240","2021_00-0032918",2021,"C.J. Ham","FB",0.00186740059871227,439,247.48,363.75,293,0,3,1,0,31.2,0,0,0,0,0,25.5,0,0,0,0,0,0,0,0,1,0,0,0,"#900D09"
"241","2021_00-0032956",2021,"Andy Janovich","FB",0.00186740059871227,440,247.48,646,371,0,3,1,0,11.9,0,0,0,0,0,3.7,0,0,0,0,0,0,0,0,1,0,0,0,"#900D09"
"242","2021_00-0033258",2021,"Darrell Daniels","TE",0.00184375769458711,442,247.48,392.67,489,0,3,1,0,1,0,0,0,0,0,23.2,0,0,0,0,0,0,0,0,1,0,0,0,"#900D09"
"243","2021_00-0024243",2021,"Marcedes Lewis","TE",0.0018216937314719,444,247.48,396.83,262,0,3,1,0,44.4,0,0,0,0,0,38.7,0,0,0,0,0,0,0,1,1,0,0,0,"#900D09"
"244","2021_00-0030085",2021,"Kenny Stills","WR",0.00179067894350737,445,247.48,372,332,0,3,1,0,18.9,0,0,0,0,0,31.4,0,0,0,0,0,0,0,0,0,0,0,1,"#900D09"
"245","2021_00-0034159",2021,"Will Dissly","TE",0.00177912891376764,446,247.48,303.45,244,0,3,1,0,50.1,0,0,0,0,0,61.1,0,0,0,0,0,0,0,0,1,0,0,0,"#900D09"
"246","2021_00-0030669",2021,"Albert Wilson","WR",0.00177542865276337,447,247.48,347.28,254,0,3,1,0,48,0,0,0,0,NA,NA,0,NA,NA,NA,0,0,NA,1,0,1,0,0,"#900D09"
"247","2021_00-0036345",2021,"K.J. Osborn","WR",0.00175649207085371,450,247.48,401.5,131,0,3,1,1,149.4,0,0,1,0,NA,NA,0,NA,NA,NA,0,0,NA,0,0,1,0,0,"#900D09"
"248","2021_00-0036259",2021,"Jauan Jennings","WR",0.00175649207085371,451,247.48,448.67,234,0,3,1,0,54.8,0,0,0,0,NA,NA,0,NA,NA,NA,0,0,NA,0,0,1,0,0,"#900D09"
"249","2021_00-0029892",2021,"Kyle Juszczyk","FB",0.00174888607580215,458,247.48,331.85,198,0,3,1,0,73.8,0,0,0,0,0,81.6,0,0,0,0,0,0,0,0,1,0,0,0,"#900D09"
"250","2021_00-0028042",2021,"Luke Stocker","TE",0.00169635459315032,462,247.48,646,454,0,3,1,0,3.2,0,0,0,0,0,13.3,0,0,0,0,0,0,0,0,0,0,0,1,"#900D09"
"251","2021_00-0035399",2021,"Stanley Morgan","WR",0.00168996315915138,465,247.48,632.5,484,0,3,1,0,1.3,0,0,0,0,NA,NA,0,NA,NA,NA,0,0,NA,1,0,1,0,0,"#900D09"
"252","2021_00-0032355",2021,"Chester Rogers","WR",0.00166052009444684,477,247.48,476.25,217,0,3,1,0,64.6,0,0,0,0,NA,NA,0,NA,NA,NA,0,0,NA,0,0,1,0,0,"#900D09"
"253","2021_00-0033095",2021,"Garrett Griffin","TE",0.0016445207875222,480,247.48,478.5,400,0,3,1,0,7.9,0,0,0,0,NA,NA,0,NA,NA,NA,0,0,NA,1,0,1,0,0,"#900D09"
"254","2021_00-0032098",2021,"Daniel Brown","TE",0.00163354852702469,481,247.48,462.5,427,0,3,1,0,4.9,0,0,0,0,0,5.1,0,0,0,0,0,0,0,0,0,0,1,0,"#900D09"
"255","2021_00-0031690",2021,"Eric Tomlinson","TE",0.00163354852702469,482,247.48,646,476,0,3,1,0,1.7,0,0,0,0,0,0,0,0,0,0,0,0,0,0,0,0,0,0,"#900D09"
"256","2021_00-0030068",2021,"Marquise Goodwin","WR",0.00158275419380516,484,247.48,361.16,139,0,3,1,1,53.9,0,0,1,0,NA,NA,0,NA,NA,NA,0,0,NA,0,0,1,0,0,"#900D09"
"257","2021_00-0035222",2021,"Zach Gentry","TE",0.00151961611118168,494,247.48,454,303,0,3,1,0,27.8,0,0,0,0,NA,NA,0,NA,NA,NA,0,0,NA,1,0,1,0,0,"#900D09"
"258","2021_00-0032141",2021,"Geoff Swaim","TE",0.0015181798953563,498,247.48,359.08,208,0,3,1,0,68.8,0,0,0,0,0,23.3,0,0,0,0,0,0,0,0,1,0,0,0,"#900D09"
"259","2021_00-0031585",2021,"MyCole Pruitt","TE",0.0015181798953563,499,247.48,646,250,0,3,1,0,48.5,0,0,0,0,0,21.9,0,0,0,0,0,0,0,0,1,0,0,0,"#900D09"
"260","2021_00-0027981",2021,"Kyle Rudolph","TE",0.0015153051353991,500,247.48,298.17,237,0,3,1,0,54,0,0,0,0,0,65.4,0,0,0,0,0,0,0,0,1,0,0,1,"#900D09"
"261","2021_00-0031273",2021,"Cameron Brate","TE",0.00149767333641648,501,247.48,346.81,194,0,3,1,0,75.3,0,0,0,0,0,68.2,0,0,0,0,0,0,0,0,1,0,0,0,"#900D09"
"262","2021_00-0031595",2021,"Michael Burton","FB",0.00149454327765852,502,247.48,399.75,354,0,3,1,0,14.7,0,0,0,0,0,8.6,0,0,0,0,0,0,0,0,1,0,0,1,"#900D09"
"263","2021_00-0032897",2021,"Derek Watt","FB",0.00149313651490957,503,247.48,646,432,0,3,1,0,4.6,0,0,0,0,NA,NA,0,NA,NA,NA,0,0,NA,0,0,1,0,0,"#900D09"
"264","2021_00-0032062",2021,"Blake Bell","TE",0.00147561426274478,504,247.48,371.75,334,0,3,1,0,18.7,0,0,0,0,0,22.2,0,0,0,0,0,0,0,0,1,0,0,1,"#900D09"
"265","2021_00-0030108",2021,"Ryan Griffin","TE",0.00143516645766795,505,247.48,374.38,213,0,3,1,0,65.1,0,0,0,0,0,17.6,0,0,0,0,0,0,0,0,1,0,1,0,"#900D09"
"266","2021_00-0030155",2021,"Demetrius Harris","TE",0.00139492494054139,506,247.48,646,440,0,3,1,0,4,0,0,0,0,0,11.5,0,0,0,0,0,0,0,0,1,0,0,1,"#900D09"
"267","2021_00-0035249",2021,"Josh Oliver","TE",0.00137971399817616,507,247.48,404.73,356,0,3,1,0,14.5,0,0,0,0,NA,NA,0,NA,NA,NA,0,0,NA,0,0,1,0,0,"#900D09"
"268","2021_00-0035308",2021,"Tommy Sweeney","TE",0.00137971399817616,508,247.48,428.25,328,0,3,1,0,19.4,0,0,0,0,NA,NA,0,NA,NA,NA,0,0,NA,0,0,1,0,0,"#900D09"
